{
  "nav": [
    {
      "id": "home",
      "nav": "홈"
    },
    {
      "id": "profile",
      "nav": "프로필"
    },
    {
      "id": "diary",
      "nav": "다이어리"
    },
    {
      "id": "guest",
      "nav": "방명록"
    },
    {
      "id": "photo",
      "nav": "사진첩"
    }
  ],
  "profile": [
    {
      "id": "0",
      "content": "1999.07.07"
    },
    {
      "id": "1",
      "content": "응급구조과 졸업"
    },
    {
      "id": "2",
      "content": "166"
    },
    {
      "id": "3",
      "content": "istp && isfp"
    },
    {
      "id": "4",
      "content": "기독교"
    },
    {
      "id": "4",
      "content": "경기도 김포시 거주"
    }
  ],
  "guest": [
    {
      "id": "31",
      "content": "왜이렇게 어려운걸까?",
      "no": 31,
      "name": "안예선",
      "date": "2024-09-29T07:45:33.229Z"
    },
    {
      "id": "35",
      "content": "나도 머리 기르고 싶어",
      "no": 35,
      "name": "안예선",
      "date": "2024-09-29T07:50:21.284Z"
    },
    {
      "id": "36",
      "content": "개같다",
      "no": 36,
      "name": "안예선",
      "date": "2024-09-29T07:50:27.146Z"
    },
    {
      "id": "guest-42",
      "content": "제발 삭제좀 돼라",
      "no": 42,
      "name": "안예선",
      "date": "2024-09-29T07:56:08.028Z"
    },
    {
      "id": "guest-43",
      "content": "제발",
      "no": 43,
      "name": "안예선",
      "date": "2024-09-29T07:56:14.865Z"
    },
    {
      "id": "dptjs1106",
      "content": "fg",
      "no": 44,
      "name": "안예선",
      "date": "2024-10-03T13:55:32.666Z"
    }
  ],
  "photo": [
    {
      "id": "0",
      "nav": "졸령 이제 잘래 너도 얼른 자!",
      "title": "여름 휴가",
      "content": "여름휴가 즐기기~!!",
      "image": "../image/KakaoTalk_Photo_2024-09-19-18-17-35.png",
      "coment": [
        {
          "안예선": "예뻐요"
        },
        {
          "김해원": "예쁘다 기지배"
        },
        {
          "전혜지": "놀러가자"
        }
      ],
      "date": "2024-09-29T07:56:14.865Z"
    },
    {
      "id": "1",
      "nav": "졸령 이제 잘래 너도 얼른 자!",
      "title": "여름 휴가",
      "content": "내가 만든 갈비찜!!",
      "image": "../image/KakaoTalk_Photo_2024-09-19-18-17-35.png",
      "coment": [
        {
          "안예선": "예뻐요"
        },
        {
          "김해원": "예쁘다 기지배"
        },
        {
          "전혜지": "놀러가자"
        }
      ],
      "date": "2024-09-29T07:56:14.865Z"
    },
    {
      "id": "2",
      "nav": "졸령 이제 잘래 너도 얼른 자!",
      "title": "여름 휴가",
      "content": "나 예쁘지?",
      "image": "../image/KakaoTalk_Photo_2024-09-19-18-17-35.png",
      "coment": [
        {
          "안예선": "예뻐요"
        },
        {
          "김해원": "예쁘다 기지배"
        },
        {
          "전혜지": "놀러가자"
        }
      ],
      "date": "2024-09-29T07:56:14.865Z"
    },
    {
      "id": "3",
      "nav": "졸령 이제 잘래 너도 얼른 자!",
      "title": "졸령 이제 잘래 너도 얼른 자!",
      "content": "지나가는 고양이 너무 귀여워서 사진 찰칵",
      "image": "../image/KakaoTalk_Photo_2024-09-19-18-17-35.png",
      "coment": [
        {
          "안예선": "예뻐요"
        },
        {
          "김해원": "예쁘다 기지배"
        },
        {
          "전혜지": "놀러가자"
        }
      ],
      "date": "2024-09-29T07:56:14.865Z"
    },
    {
      "id": "4",
      "title": "졸령 이제 잘래 너도 얼른 자!",
      "content": "머리 잘랐는데 잘어울리나요?",
      "image": "../image/KakaoTalk_Photo_2024-09-19-18-17-35.png",
      "coment": [
        {
          "안예선": "예뻐요"
        },
        {
          "김해원": "예쁘다 기지배"
        },
        {
          "전혜지": "놀러가자"
        }
      ],
      "date": "2024-09-29T07:56:14.865Z"
    },
    {
      "id": "5",
      "nav": "제발 되라!!~~!!",
      "title": "속이 안좋아",
      "content": "<p>속이 안좋아</p>",
      "image": "../image/KakaoTalk_Photo_2024-09-19-18-17-35.png",
      "date": "2024-10-03T06:31:35.499Z",
      "coment": [
        {
          "안예선": "예뻐요"
        },
        {
          "김해원": "예쁘다 기지배"
        },
        {
          "전혜지": "놀러가자"
        }
      ]
    },
    {
      "id": 6,
      "nav": "오예!!!!!!!",
      "title": "배고픈디?",
      "content": "<ol><li><strong><em>배고픈디??</em></strong><span class=\"ql-cursor\">﻿</span></li></ol>",
      "date": "2024-10-03T06:43:17.527Z"
    },
    {
      "id": 6,
      "nav": "오예!!!!!!!",
      "title": "배고픈디?",
      "content": "<ol><li><strong><em>배고픈디??</em></strong><span class=\"ql-cursor\">﻿</span></li></ol>",
      "date": "2024-10-03T06:43:18.862Z"
    }
  ],
  "diary": [
    {
      "id": "0",
      "content": "오늘은 휴방합니다~"
    },
    {
      "id": "1",
      "content": "오늘의 tmi는 저녁으로 갈비를 먹었어요!"
    },
    {
      "id": "2",
      "content": "오늘 날씨 진짜 엄청 덥다..."
    },
    {
      "id": "3",
      "content": "심심한데 나랑 놀사람~~"
    },
    {
      "id": "4",
      "content": "야 나와라 감튀먹자!"
    }
  ],
  "photoList": [
    {
      "nav": "졸령 이제 잘래 너도 얼른 자!",
      "id": "8fb4"
    },
    {
      "nav": "제발 되라!!~~!!",
      "id": "f458"
    },
    {
      "id": "3b50",
      "nav": "오예!!!!!!!"
    },
    {
      "nav": "공부해보자~~",
      "id": "a6fa"
    }
  ]
}