{
  "nav": [
    {
      "id": "home",
      "nav": "홈"
    },
    {
      "id": "profile",
      "nav": "프로필"
    },
    {
      "id": "diary",
      "nav": "다이어리"
    },
    {
      "id": "guest",
      "nav": "방명록"
    },
    {
      "id": "photo",
      "nav": "사진첩"
    }
  ],
  "profile": [
    {
      "id": "0",
      "content": "1999.07.07"
    },
    {
      "id": "1",
      "content": "응급구조과 졸업"
    },
    {
      "id": "2",
      "content": "166"
    },
    {
      "id": "3",
      "content": "istp && isfp"
    },
    {
      "id": "4",
      "content": "기독교"
    },
    {
      "id": "4",
      "content": "경기도 김포시 거주"
    }
  ],
  "guest": [
    {
      "id": "31",
      "content": "왜이렇게 어려운걸까?",
      "no": 31,
      "name": "안예선",
      "date": "2024-09-29T07:45:33.229Z"
    },
    {
      "id": "35",
      "content": "나도 머리 기르고 싶어",
      "no": 35,
      "name": "안예선",
      "date": "2024-09-29T07:50:21.284Z"
    },
    {
      "id": "guest-42",
      "content": "제발 삭제좀 돼라",
      "no": 42,
      "name": "안예선",
      "date": "2024-09-29T07:56:08.028Z"
    },
    {
      "id": "guest-43",
      "content": "제발",
      "no": 43,
      "name": "안예선",
      "date": "2024-09-29T07:56:14.865Z"
    }
  ],
  "photo": [
    {
      "id": "6",
      "nav": "오예!",
      "title": "배고픈디?",
      "content": "<ol><li><strong><em>배고픈디??</em></strong><span class=\"ql-cursor\">﻿</span></li></ol>",
      "date": "2024-10-03T06:43:18.862Z",
      "coment": []
    },
    {
      "id": "7",
      "nav": "오예!",
      "title": "배고픈디?",
      "content": "<ol><li><strong><em>배고픈디??</em></strong><span class=\"ql-cursor\">﻿</span></li></ol>",
      "date": "2024-10-03T06:43:18.862Z",
      "coment": [
        {
          "id": "1",
          "name": "새로운 사용자",
          "coment": "돼?",
          "date": "2024-10-07T06:32:37.352Z",
          "rewrite": false
        }
      ]
    },
    {
      "id": "8",
      "nav": "졸령 이제 잘래 너도 얼른 자!",
      "title": "왜 안될까?",
      "content": "<p>왜 안될까?ㅋㅋ</p>",
      "date": "2024-10-09T06:03:18.567Z",
      "coment": [
        {
          "id": "1",
          "name": "새로운 사용자",
          "coment": "왜 안돼?",
          "date": "2024-10-07T06:29:49.724Z",
          "rewrite": false
        }
      ]
    },
    {
      "id": "9",
      "nav": "제발 되라!!~~!!",
      "title": "오늘은 한글날입니다",
      "content": "<p>오늘은 한글날입니다</p>",
      "date": "2024-10-09T05:48:19.011Z"
    },
    {
      "id": "10",
      "nav": "될까?",
      "title": "한글날인데 됐으면 좋갰더",
      "content": "<p>한글날인데 됐으면 좋갰더</p>",
      "date": "2024-10-09T06:03:37.901Z"
    },
    {
      "id": "11",
      "nav": "될까?",
      "title": "돼?",
      "content": "<p>돼?</p>",
      "date": "2024-10-09T06:04:19.849Z"
    },
    {
      "id": "12",
      "nav": "한글날이야",
      "title": "오늘은 두부조림 먹었어",
      "content": "<p>오늘은 두부조림 먹었어ㅋㅋ</p>",
      "date": "2024-10-09T06:08:36.256Z",
      "coment": [
        {
          "id": "1",
          "name": "새로운 사용자",
          "coment": "개배불러ㅋㅋ",
          "date": "2024-10-09T06:10:44.448Z",
          "rewrite": true
        }
      ]
    },
    {
      "id": "13",
      "nav": "공부해보자~~!",
      "title": "공부는 무슨 그냥 놀고 싶어",
      "content": "<p>공부는 무슨 그냥 놀고 싶어</p>",
      "date": "2024-10-09T06:08:20.388Z"
    },
    {
      "id": "14",
      "nav": "한글날이야",
      "title": "ㅋㅋ",
      "content": "<p>ㅋㅋㅋ</p>",
      "date": "2024-10-09T06:09:54.003Z",
      "coment": []
    },
    {
      "id": "15",
      "nav": "한글날이야",
      "title": "ㅋㅋㅋㅋ한글날",
      "content": "<p>ㅋㅋㅋㅋ한글날</p>",
      "date": "2024-10-09T06:10:05.319Z"
    },
    {
      "id": "16",
      "nav": "한글날이야",
      "title": "배불러!!!!!무슨 노래 들을까",
      "content": "<p>배불러!!!!!무슨 노래 들을까?zz</p>",
      "date": "2024-10-09T06:23:55.645Z",
      "coment": [
        {
          "id": "1",
          "name": "새로운 사용자",
          "coment": "asd",
          "date": "2024-10-09T07:26:15.825Z",
          "rewrite": false
        }
      ]
    },
    {
      "id": "17",
      "nav": "공부해보자~~!",
      "title": "배불러",
      "content": "<p>베불라</p>",
      "date": "2024-10-09T06:12:09.295Z",
      "coment": [
        {
          "id": "1",
          "name": "새로운 사용자",
          "coment": "sdf",
          "date": "2024-10-09T07:28:11.442Z",
          "rewrite": false
        }
      ]
    },
    {
      "id": "18",
      "nav": "졸령 이제 잘래 너도 얼른 자!",
      "title": "왜 안돼?",
      "content": "<p>왜 안돼?</p>",
      "date": "2024-10-09T06:40:16.656Z"
    }
  ],
  "diary": [
    {
      "id": "0",
      "content": "오늘은 휴방합니다~"
    },
    {
      "id": "1",
      "content": "오늘의 tmi는 저녁으로 갈비를 먹었어요!"
    },
    {
      "id": "2",
      "content": "오늘 날씨 진짜 엄청 덥다..."
    },
    {
      "id": "3",
      "content": "심심한데 나랑 놀사람~~"
    },
    {
      "id": "4",
      "content": "야 나와라 감튀먹자!"
    }
  ],
  "photoList": [
    {
      "nav": "졸령 이제 잘래 너도 얼른 자!",
      "id": "8fb4"
    },
    {
      "nav": "제발 되라!!~~!!",
      "id": "f458"
    },
    {
      "nav": "오예!",
      "id": "3b50"
    },
    {
      "nav": "공부해보자~~!",
      "id": "a6fa"
    },
    {
      "nav": "한글날이야!",
      "id": "bba8"
    }
  ]
}